Concept,Preferred Term,Id,In Value Set 124,In Value Set 153,Not In value Set
Abdominal hysterectomy (procedure),Abdominal hysterectomy,116141005,,,x
Abdominal hysterectomy and left salpingo-oophorectomy (procedure),Abdominal hysterectomy and left salpingo-oophorectomy,302191001,,,x
Abdominal hysterectomy and right salpingo-oophorectomy (procedure),Abdominal hysterectomy and right salpingo-oophorectomy,302190000,,,x
"Abdominal hysterectomy with colpo-urethrocystopexy, Marshall-Marchetti-Krantz type (procedure)","Abdominal hysterectomy with colpo-urethrocystopexy, Marshall-Marchetti-Krantz type",13254001,,,x
Abdominal hysterectomy with conservation of ovaries (procedure),Abdominal hysterectomy with conservation of ovaries,413144006,,,x
Abdominal hysterectomy with sacrocolpopexy using mesh (procedure),Abdominal hysterectomy with sacrocolpopexy using mesh,737099004,,,x
Abdominal hysterocolpectomy (procedure),Abdominal hysterocolpectomy,309879006,,,x
Cervix excision (procedure),Cervix excision,120038005,,,x
Cesarean hysterectomy (procedure),Cesarean hysterectomy,41059002,,x,
Closure of vesicouterine fistula with hysterectomy (procedure),Closure of vesicouterine fistula with hysterectomy,11050006,,,x
Elective cesarean hysterectomy (procedure),Elective cesarean hysterectomy,236988000,,x,
Emergency cesarean hysterectomy (procedure),Emergency caesarean hysterectomy,236987005,,x,
Excision of accessory uterus (procedure),Excision of accessory uterus,427107006,,,x
Excision of cervix by electroconization (procedure),Excision of cervix by electroconisation,647000,,,x
Excision of lesion of uterine cervix (procedure),Excision of lesion of cervix,36384005,,,x
Excision of myoma of cervix (procedure),Excision of myoma of cervix,306966000,,,x
Excision of uterus and supporting structures (procedure),Excision of uterus and supporting structures,54261007,,,x
Heaney operation for vaginal hysterectomy (procedure),Heaney operation for vaginal hysterectomy,359983000,,,x
Hysterectomy (procedure),Hysterectomy,236886002,,,x
Hysterectomy and fetus removal (procedure),Hysterectomy and foetus removal,288042004,,x,
Hysterectomy for removal of hydatidiform mole (procedure),Hysterectomy for removal of hydatidiform mole,24068006,,x,
Hysterectomy in pregnancy (procedure),Hysterectomy in pregnancy,288043009,,,x
Laparoscopic assisted vaginal hysterectomy with repair of cystocele (procedure),Laparoscopic assisted vaginal hysterectomy with repair of cystocele,608805000,,,x
Laparoscopic assisted vaginal hysterectomy with repair of cystocele and rectocele (procedure),Laparoscopic assisted vaginal hysterectomy with repair of cystocele and rectocele,608807008,,,x
Laparoscopic assisted vaginal hysterectomy with repair of rectocele (procedure),Laparoscopic assisted vaginal hysterectomy with repair of rectocoele,608806004,,,x
Laparoscopic hysterectomy (procedure),Laparoscopic hysterectomy,236887006,,,x
Laparoscopic subtotal hysterectomy (procedure),Laparoscopic subtotal hysterectomy,431316002,,,x
Laparoscopic vaginal hysterectomy using robotic assistance (procedure),Robot assisted laparoscopic vaginal hysterectomy,708985003,,,x
Laparoscopic-assisted vaginal hysterectomy (procedure),Laparoscopic-assisted vaginal hysterectomy,75835007,,,x
Laparoscopy assisted vaginal hysterectomy with bilateral salpingo-oophorectomy (procedure),Laparoscopy assisted vaginal hysterectomy with bilateral salpingo-oophorectomy,441820006,,,x
Mayo operation for vaginal hysterectomy (procedure),Mayo operation for vaginal hysterectomy,359977003,,,x
Partial hysterectomy (procedure),Partial hysterectomy,387643005,,,x
Postpartum excision of uterus (procedure),Postpartum hysterectomy,860602007,,,x
Schroeder operation for cervical myomectomy (procedure),Schroeder operation for cervical myomectomy,305969000,,,x
Subtotal abdominal hysterectomy (procedure),Subtotal abdominal hysterectomy,176795006,,,x
Subtotal hysterectomy after cesarean delivery (procedure),Subtotal hysterectomy after cesarean delivery,17744000,,,x
Subtotal hysterectomy via vaginal approach (procedure),Vaginal subtotal hysterectomy,1187630003,,,x
Tuffier operation for vaginal hysterectomy (procedure),Tuffier operation for vaginal hysterectomy,359974005,,,x
Vaginal hysterectomy (procedure),Vaginal hysterectomy,265056007,,,x
Vaginal hysterectomy and excision of periuterine tissue (procedure),Vaginal hysterectomy and excision of periuterine tissue,448539002,,,x
Vaginal hysterectomy and pelvic floor repair (procedure),Vaginal hysterectomy and pelvic floor repair,762625001,,,x
"Vaginal hysterectomy with colpo-urethrocystopexy, Marshall-Marchetti-Krantz type (procedure)","Vaginal hysterectomy with colpo-urethrocystopexy, Marshall-Marchetti-Krantz type",112918004,,,x
"Vaginal hysterectomy with colpo-urethrocystopexy, Pereyra type (procedure)","Vaginal hysterectomy with colpo-urethrocystopexy, Pereyra type",63516002,,,x
Vaginal hysterectomy with conservation of ovaries (procedure),Vaginal hysterectomy with conservation of ovaries,413145007,,,x
Vaginal hysterectomy with partial colpectomy (procedure),Vaginal hysterectomy with partial colpectomy,77902002,,,x
Vaginal hysterectomy with partial colpectomy and repair of enterocele (procedure),Vaginal hysterectomy with partial colpectomy and repair of enterocele,27185000,,,x
Vaginal hysterectomy with repair of cystocele and rectocele (procedure),Vaginal hysterectomy with repair of cystocoele and rectocoele,699789005,,,x
Vaginal hysterectomy with repair of enterocele (procedure),Vaginal hysterectomy with repair of enterocele,54490004,,,x
Vaginal hysterectomy with total colpectomy (procedure),Vaginal hysterectomy with total colpectomy,43791001,,,x
Vaginal hysterectomy with total colpectomy and repair of enterocele (procedure),Vaginal hysterectomy with total colpectomy and repair of enterocele,30160001,,,x
Vaginal hysterocolpectomy (procedure),Vaginal hysterocolpectomy,309880009,,,x
Vaginal panhysterectomy (procedure),Vaginal panhysterectomy,359980002,,,x
Ward-Mayo operation for vaginal hysterectomy (procedure),Ward-Mayo operation for vaginal hysterectomy,359971002,,,x
Hysterectomy and bilateral salpingo-oophorectomy sample (specimen),,309287004,,,x
History of total hysterectomy with bilateral salpingo-oophorectomy (situation),,429763009,,,x
History of hysterectomy (situation),,161800001,,,x